{"_id": 1, "name": "HP EliteBook Model 1", "price": 38842.0, "quantity": 1, "brand": "HP", "attributes": [{"attribute_name": "cpu", "attribute_value": "Intel Core i7"}, {"attribute_name": "memory", "attribute_value": "8GB"}, {"attribute_name": "storage", "attribute_value": "256GB"}]}
{"_id": 2, "name": "Lenovo IdeaPad Model 2", "price": 9405.0, "quantity": 2, "brand": "Lenovo", "attributes": [{"attribute_name": "cpu", "attribute_value": "Intel Core i5"}, {"attribute_name": "memory", "attribute_value": "8GB"}, {"attribute_name": "storage", "attribute_value": "256GB"}]}
{"_id": 3, "name": "HP ProBook Model 3", "price": 17589.0, "quantity": 3, "brand": "HP", "attributes": [{"attribute_name": "cpu", "attribute_value": "Intel Core i5"}, {"attribute_name": "memory", "attribute_value": "8GB"}, {"attribute_name": "storage", "attribute_value": "128GB"}]}
{"_id": 4, "name": "HP EliteBook Model 4", "price": 31905.0, "quantity": 4, "brand": "HP", "attributes": [{"attribute_name": "cpu", "attribute_value": "Intel Core i5"}, {"attribute_name": "memory", "attribute_value": "8GB"}, {"attribute_name": "storage", "attribute_value": "256GB"}]}
{"_id": 5, "name": "HP EliteBook Model 5", "price": 34890.0, "quantity": 5, "brand": "HP", "attributes": [{"attribute_name": "cpu", "attribute_value": "Intel Core i7"}, {"attribute_name": "memory", "attribute_value": "8GB"}, {"attribute_name": "storage", "attribute_value": "256GB"}]}
{"_id": 6, "name": "HP EliteBook Model 6", "price": 35985.0, "quantity": 6, "brand": "HP", "attributes": [{"attribute_name": "cpu", "attribute_value": "Intel Core i5"}, {"attribute_name": "memory", "attribute_value": "8GB"}, {"attribute_name": "storage", "attribute_value": "256GB"}]}
{"_id": 7, "name": "HP EliteBook Model 7", "price": 25465.0, "quantity": 7, "brand": "HP", "attributes": [{"attribute_name": "cpu", "attribute_value": "Intel Core i5"}, {"attribute_name": "memory", "attribute_value": "8GB"}, {"attribute_name": "storage", "attribute_value": "256GB"}]}
{"_id": 8, "name": "Lenovo ThinkPad Model 8", "price": 22164.0, "quantity": 8, "brand": "Lenovo", "attributes": [{"attribute_name": "cpu", "attribute_value": "Intel Core i5"}, {"attribute_name": "memory", "attribute_value": "8GB"}, {"attribute_name": "storage", "attribute_value": "256GB"}]}
{"_id": 9, "name": "HP EliteBook Model 9", "price": 22209.0, "quantity": 9, "brand": "HP", "attributes": [{"attribute_name": "cpu", "attribute_value": "Intel Core i7"}, {"attribute_name": "memory", "attribute_value": "16GB"}, {"attribute_name": "storage", "attribute_value": "512GB"}]}
{"_id": 10, "name": "Lenovo ThinkPad Model 10", "price": 26715.0, "quantity": 10, "brand": "Lenovo", "attributes": [{"attribute_name": "cpu", "attribute_value": "Intel Core i7"}, {"attribute_name": "memory", "attribute_value": "8GB"}, {"attribute_name": "storage", "attribute_value": "512GB"}]}
{"_id": 11, "name": "HP ZBook Model 11", "price": 45175.0, "quantity": 1, "brand": "HP", "attributes": [{"attribute_name": "cpu", "attribute_value": "Intel Core i7"}, {"attribute_name": "memory", "attribute_value": "16GB"}, {"attribute_name": "storage", "attribute_value": "512GB"}]}
{"_id": 12, "name": "HP EliteBook Model 12", "price": 36495.0, "quantity": 2, "brand": "HP", "attributes": [{"attribute_name": "cpu", "attribute_value": "Intel Core i5"}, {"attribute_name": "memory", "attribute_value": "8GB"}, {"attribute_name": "storage", "attribute_value": "256GB"}]}
{"_id": 13, "name": "HP ZBook Model 13", "price": 35979.0, "quantity": 2, "brand": "HP", "attributes": [{"attribute_name": "cpu", "attribute_value": "Intel Core i7"}, {"attribute_name": "memory", "attribute_value": "8GB"}, {"attribute_name": "storage", "attribute_value": "256GB"}]}
{"_id": 14, "name": "HP ZBook Model 14", "price": 39615.0, "quantity": 3, "brand": "HP", "attributes": [{"attribute_name": "cpu", "attribute_value": "Intel Core i7"}, {"attribute_name": "memory", "attribute_value": "8GB"}, {"attribute_name": "storage", "attribute_value": "256GB"}]}
{"_id": 15, "name": "HP ZBook Model 15", "price": 41519.0, "quantity": 4, "brand": "HP", "attributes": [{"attribute_name": "cpu", "attribute_value": "Intel Core i7"}, {"attribute_name": "memory", "attribute_value": "16GB"}, {"attribute_name": "storage", "attribute_value": "512GB"}]}
{"_id": 16, "name": "HP EliteBook Model 16", "price": 37985.0, "quantity": 5, "brand": "HP", "attributes": [{"attribute_name": "cpu", "attribute_value": "Intel Core i5"}, {"attribute_name": "memory", "attribute_value": "8GB"}, {"attribute_name": "storage", "attribute_value": "256GB"}]}
{"_id": 17, "name": "HP EliteBook Model 17", "price": 39605.0, "quantity": 6, "brand": "HP", "attributes": [{"attribute_name": "cpu", "attribute_value": "Intel Core i5"}, {"attribute_name": "memory", "attribute_value": "8GB"}, {"attribute_name": "storage", "attribute_value": "256GB"}]}
{"_id": 18, "name": "HP EliteBook Model 18", "price": 41545.0, "quantity": 7, "brand": "HP", "attributes": [{"attribute_name": "cpu", "attribute_value": "Intel Core i5"}, {"attribute_name": "memory", "attribute_value": "8GB"}, {"attribute_name": "storage", "attribute_value": "512GB"}]}
{"_id": 19, "name": "HP EliteBook Model 19", "price": 43930.0, "quantity": 8, "brand": "HP", "attributes": [{"attribute_name": "cpu", "attribute_value": "Intel Core i7"}, {"attribute_name": "memory", "attribute_value": "8GB"}, {"attribute_name": "storage", "attribute_value": "256GB"}]}
{"_id": 20, "name": "HP EliteBook Model 20", "price": 9990.0, "quantity": 9, "brand": "HP", "attributes": [{"attribute_name": "cpu", "attribute_value": "Intel Core i7"}, {"attribute_name": "memory", "attribute_value": "16GB"}, {"attribute_name": "storage", "attribute_value": "512GB"}]}
{"_id": 21, "name": "HP EliteBook Model 21", "price": 53179.0, "quantity": 10, "brand": "HP", "attributes": [{"attribute_name": "cpu", "attribute_value": "Intel Core i7"}, {"attribute_name": "memory", "attribute_value": "16GB"}, {"attribute_name": "storage", "attribute_value": "512GB"}]}
{"_id": 22, "name": "HP EliteBook Model 22", "price": 32425.0, "quantity": 1, "brand": "HP", "attributes": [{"attribute_name": "cpu", "attribute_value": "Intel Core i7"}, {"attribute_name": "memory", "attribute_value": "16GB"}, {"attribute_name": "storage", "attribute_value": "1TB"}]}
{"_id": 23, "name": "HP ZBook Model 23", "price": 51395.0, "quantity": 2, "brand": "HP", "attributes": [{"attribute_name": "cpu", "attribute_value": "Intel Core i7"}, {"attribute_name": "memory", "attribute_value": "16GB"}, {"attribute_name": "storage", "attribute_value": "512GB"}]}
{"_id": 24, "name": "HP EliteBook Model 24", "price": 38885.0, "quantity": 3, "brand": "HP", "attributes": [{"attribute_name": "cpu", "attribute_value": "Intel Core i5"}, {"attribute_name": "memory", "attribute_value": "8GB"}, {"attribute_name": "storage", "attribute_value": "256GB"}]}
{"_id": 25, "name": "HP ZBook Model 25", "price": 39069.0, "quantity": 4, "brand": "HP", "attributes": [{"attribute_name": "cpu", "attribute_value": "Intel Core i7"}, {"attribute_name": "memory", "attribute_value": "16GB"}, {"attribute_name": "storage", "attribute_value": "512GB"}]}
{"_id": 26, "name": "HP ProBook Model 26", "price": 9980.0, "quantity": 5, "brand": "HP", "attributes": [{"attribute_name": "cpu", "attribute_value": "Intel Core i5"}, {"attribute_name": "memory", "attribute_value": "8GB"}, {"attribute_name": "storage", "attribute_value": "256GB"}]}
{"_id": 27, "name": "HP ProBook Model 27", "price": 12145.0, "quantity": 6, "brand": "HP", "attributes": [{"attribute_name": "cpu", "attribute_value": "Intel Core i5"}, {"attribute_name": "memory", "attribute_value": "8GB"}, {"attribute_name": "storage", "attribute_value": "256GB"}]}
{"_id": 28, "name": "ASUS VivoBook Model 28", "price": 3895.0, "quantity": 7, "brand": "Asus", "attributes": [{"attribute_name": "cpu", "attribute_value": "Intel Core i3"}, {"attribute_name": "memory", "attribute_value": "4GB"}, {"attribute_name": "storage", "attribute_value": "128GB"}]}
{"_id": 29, "name": "HP Spectre Model 29", "price": 33566.0, "quantity": 8, "brand": "HP", "attributes": [{"attribute_name": "cpu", "attribute_value": "Intel Core i5"}, {"attribute_name": "memory", "attribute_value": "8GB"}, {"attribute_name": "storage", "attribute_value": "256GB"}]}
{"_id": 30, "name": "HP EliteBook Model 30", "price": 31715.0, "quantity": 9, "brand": "HP", "attributes": [{"attribute_name": "cpu", "attribute_value": "Intel Core i5"}, {"attribute_name": "memory", "attribute_value": "8GB"}, {"attribute_name": "storage", "attribute_value": "512GB"}]}
{"_id": 31, "name": "HP EliteBook Model 31", "price": 32949.0, "quantity": 10, "brand": "HP", "attributes": [{"attribute_name": "cpu", "attribute_value": "Intel Core i7"}, {"attribute_name": "memory", "attribute_value": "8GB"}, {"attribute_name": "storage", "attribute_value": "512GB"}]}
{"_id": 32, "name": "HP EliteBook Model 32", "price": 47765.0, "quantity": 1, "brand": "HP", "attributes": [{"attribute_name": "cpu", "attribute_value": "Intel Core i7"}, {"attribute_name": "memory", "attribute_value": "8GB"}, {"attribute_name": "storage", "attribute_value": "512GB"}]}
{"_id": 33, "name": "Lenovo Model 33", "price": 9474.0, "quantity": 2, "brand": "Lenovo", "attributes": [{"attribute_name": "cpu", "attribute_value": "Intel Core i5"}, {"attribute_name": "memory", "attribute_value": "8GB"}, {"attribute_name": "storage", "attribute_value": "256GB"}]}
{"_id": 34, "name": "Lenovo ThinkPad Model 34", "price": 14988.0, "quantity": 3, "brand": "Lenovo", "attributes": [{"attribute_name": "cpu", "attribute_value": "Intel Core i7"}, {"attribute_name": "memory", "attribute_value": "8GB"}, {"attribute_name": "storage", "attribute_value": "256GB"}]}
{"_id": 35, "name": "Lenovo ThinkPad Model 35", "price": 22644.0, "quantity": 4, "brand": "Lenovo", "attributes": [{"attribute_name": "cpu", "attribute_value": "Intel Core i7"}, {"attribute_name": "memory", "attribute_value": "8GB"}, {"attribute_name": "storage", "attribute_value": "256GB"}]}
{"_id": 36, "name": "Lenovo ThinkPad Model 36", "price": 8990.0, "quantity": 5, "brand": "Lenovo", "attributes": [{"attribute_name": "cpu", "attribute_value": "Intel Core i5"}, {"attribute_name": "memory", "attribute_value": "8GB"}, {"attribute_name": "storage", "attribute_value": "256GB"}]}
{"_id": 37, "name": "Lenovo ThinkPad Model 37", "price": 23490.0, "quantity": 6, "brand": "Lenovo", "attributes": [{"attribute_name": "cpu", "attribute_value": "Intel Core i7"}, {"attribute_name": "memory", "attribute_value": "8GB"}, {"attribute_name": "storage", "attribute_value": "256GB"}]}
{"_id": 38, "name": "Lenovo ThinkPad Model 38", "price": 20057.0, "quantity": 7, "brand": "Lenovo", "attributes": [{"attribute_name": "cpu", "attribute_value": "Intel Core i5"}, {"attribute_name": "memory", "attribute_value": "8GB"}, {"attribute_name": "storage", "attribute_value": "256GB"}]}
{"_id": 39, "name": "Lenovo ThinkPad Model 39", "price": 23872.0, "quantity": 8, "brand": "Lenovo", "attributes": [{"attribute_name": "cpu", "attribute_value": "Intel Core i7"}, {"attribute_name": "memory", "attribute_value": "8GB"}, {"attribute_name": "storage", "attribute_value": "256GB"}]}
{"_id": 40, "name": "Lenovo ThinkPad T480 Model 40", "price": 21020.0, "quantity": 9, "brand": "Lenovo", "attributes": [{"attribute_name": "cpu", "attribute_value": "Intel Core i7"}, {"attribute_name": "memory", "attribute_value": "8GB"}, {"attribute_name": "storage", "attribute_value": "256GB"}]}
{"_id": 41, "name": "Dell Latitude Model 41", "price": 13428.0, "quantity": 10, "brand": "Dell", "attributes": [{"attribute_name": "cpu", "attribute_value": "Intel Core i7"}, {"attribute_name": "memory", "attribute_value": "16GB"}, {"attribute_name": "storage", "attribute_value": "512GB"}]}
{"_id": 42, "name": "HP EliteBook Model 42", "price": 26715.0, "quantity": 1, "brand": "HP", "attributes": [{"attribute_name": "cpu", "attribute_value": "Intel Core i5"}, {"attribute_name": "memory", "attribute_value": "16GB"}, {"attribute_name": "storage", "attribute_value": "512GB"}]}
{"_id": 43, "name": "HP EliteBook Model 43", "price": 26239.0, "quantity": 2, "brand": "HP", "attributes": [{"attribute_name": "cpu", "attribute_value": "Intel Core i5"}, {"attribute_name": "memory", "attribute_value": "8GB"}, {"attribute_name": "storage", "attribute_value": "256GB"}]}
{"_id": 44, "name": "HP EliteBook Model 44", "price": 19499.0, "quantity": 3, "brand": "HP", "attributes": [{"attribute_name": "cpu", "attribute_value": "Intel Core i7"}, {"attribute_name": "memory", "attribute_value": "8GB"}, {"attribute_name": "storage", "attribute_value": "256GB"}]}
{"_id": 45, "name": "HP EliteBook Model 45", "price": 25624.0, "quantity": 4, "brand": "HP", "attributes": [{"attribute_name": "cpu", "attribute_value": "Intel Core i5"}, {"attribute_name": "memory", "attribute_value": "8GB"}, {"attribute_name": "storage", "attribute_value": "256GB"}]}
{"_id": 46, "name": "HP EliteBook Model 46", "price": 18499.0, "quantity": 5, "brand": "HP", "attributes": [{"attribute_name": "cpu", "attribute_value": "Intel Core i5"}, {"attribute_name": "memory", "attribute_value": "8GB"}, {"attribute_name": "storage", "attribute_value": "256GB"}]}
{"_id": 47, "name": "HP EliteBook Model 47", "price": 26425.0, "quantity": 6, "brand": "HP", "attributes": [{"attribute_name": "cpu", "attribute_value": "Intel Core i7"}, {"attribute_name": "memory", "attribute_value": "8GB"}, {"attribute_name": "storage", "attribute_value": "256GB"}]}
{"_id": 48, "name": "HP EliteBook Model 48", "price": 29175.0, "quantity": 7, "brand": "HP", "attributes": [{"attribute_name": "cpu", "attribute_value": "Intel Core i7"}, {"attribute_name": "memory", "attribute_value": "16GB"}, {"attribute_name": "storage", "attribute_value": "512GB"}]}
{"_id": 49, "name": "HP EliteBook Model 49", "price": 30495.0, "quantity": 8, "brand": "HP", "attributes": [{"attribute_name": "cpu", "attribute_value": "Intel Core i7"}, {"attribute_name": "memory", "attribute_value": "8GB"}, {"attribute_name": "storage", "attribute_value": "512GB"}]}
{"_id": 50, "name": "HP EliteBook Model 50", "price": 32145.0, "quantity": 9, "brand": "HP", "attributes": [{"attribute_name": "cpu", "attribute_value": "Intel Core i7"}, {"attribute_name": "memory", "attribute_value": "8GB"}, {"attribute_name": "storage", "attribute_value": "512GB"}]}
{"_id": 51, "name": "HP EliteBook Model 51", "price": 27389.0, "quantity": 10, "brand": "HP", "attributes": [{"attribute_name": "cpu", "attribute_value": "Intel Core i5"}, {"attribute_name": "memory", "attribute_value": "8GB"}, {"attribute_name": "storage", "attribute_value": "512GB"}]}
{"_id": 52, "name": "Lenovo ThinkPad Model 52", "price": 26796.0, "quantity": 1, "brand": "Lenovo", "attributes": [{"attribute_name": "cpu", "attribute_value": "Intel Core i5"}, {"attribute_name": "memory", "attribute_value": "8GB"}, {"attribute_name": "storage", "attribute_value": "256GB"}]}
{"_id": 53, "name": "Lenovo ThinkPad Model 53", "price": 28886.0, "quantity": 2, "brand": "Lenovo", "attributes": [{"attribute_name": "cpu", "attribute_value": "Intel Core i7"}, {"attribute_name": "memory", "attribute_value": "16GB"}, {"attribute_name": "storage", "attribute_value": "256GB"}]}
{"_id": 54, "name": "Lenovo ThinkPad Model 54", "price": 35613.0, "quantity": 3, "brand": "Lenovo", "attributes": [{"attribute_name": "cpu", "attribute_value": "Intel Core i5"}, {"attribute_name": "memory", "attribute_value": "16GB"}, {"attribute_name": "storage", "attribute_value": "512GB"}]}
{"_id": 55, "name": "HP EliteBook Model 55", "price": 40050.0, "quantity": 4, "brand": "HP", "attributes": [{"attribute_name": "cpu", "attribute_value": "Intel Core i7"}, {"attribute_name": "memory", "attribute_value": "8GB"}, {"attribute_name": "storage", "attribute_value": "256GB"}]}
{"_id": 56, "name": "HP EliteBook Model 56", "price": 29965.0, "quantity": 5, "brand": "HP", "attributes": [{"attribute_name": "cpu", "attribute_value": "Intel Core i7"}, {"attribute_name": "memory", "attribute_value": "8GB"}, {"attribute_name": "storage", "attribute_value": "512GB"}]}
{"_id": 57, "name": "HP EliteBook Model 57", "price": 41399.0, "quantity": 6, "brand": "HP", "attributes": [{"attribute_name": "cpu", "attribute_value": "Intel Core i7"}, {"attribute_name": "memory", "attribute_value": "8GB"}, {"attribute_name": "storage", "attribute_value": "256GB"}]}
{"_id": 58, "name": "HP EliteBook Model 58", "price": 25875.0, "quantity": 7, "brand": "HP", "attributes": [{"attribute_name": "cpu", "attribute_value": "Intel Core i5"}, {"attribute_name": "memory", "attribute_value": "8GB"}, {"attribute_name": "storage", "attribute_value": "256GB"}]}
{"_id": 59, "name": "Lenovo ThinkPad Model 59", "price": 12172.0, "quantity": 8, "brand": "Lenovo", "attributes": [{"attribute_name": "cpu", "attribute_value": "Intel Core i3"}, {"attribute_name": "memory", "attribute_value": "8GB"}, {"attribute_name": "storage", "attribute_value": "256GB"}]}
{"_id": 60, "name": "HP ZBook Model 60", "price": 37739.0, "quantity": 9, "brand": "HP", "attributes": [{"attribute_name": "cpu", "attribute_value": "Intel Core i7"}, {"attribute_name": "memory", "attribute_value": "16GB"}, {"attribute_name": "storage", "attribute_value": "512GB"}]}
{"_id": 61, "name": "HP ZBook Model 61", "price": 41329.0, "quantity": 10, "brand": "HP", "attributes": [{"attribute_name": "cpu", "attribute_value": "Intel Core i7"}, {"attribute_name": "memory", "attribute_value": "8GB"}, {"attribute_name": "storage", "attribute_value": "512GB"}]}
{"_id": 62, "name": "HP ZBook Model 62", "price": 44495.0, "quantity": 1, "brand": "HP", "attributes": [{"attribute_name": "cpu", "attribute_value": "Intel Core i7"}, {"attribute_name": "memory", "attribute_value": "16GB"}, {"attribute_name": "storage", "attribute_value": "256GB"}]}
{"_id": 63, "name": "HP ZBook Model 63", "price": 35449.0, "quantity": 2, "brand": "HP", "attributes": [{"attribute_name": "cpu", "attribute_value": "Intel Core i7"}, {"attribute_name": "memory", "attribute_value": "16GB"}, {"attribute_name": "storage", "attribute_value": "512GB"}]}
{"_id": 64, "name": "HP EliteBook Model 64", "price": 23945.0, "quantity": 3, "brand": "HP", "attributes": [{"attribute_name": "cpu", "attribute_value": "Intel Core i7"}, {"attribute_name": "memory", "attribute_value": "8GB"}, {"attribute_name": "storage", "attribute_value": "256GB"}]}
{"_id": 65, "name": "HP ZBook Model 65", "price": 37185.0, "quantity": 4, "brand": "HP", "attributes": [{"attribute_name": "cpu", "attribute_value": "Intel Core i7"}, {"attribute_name": "memory", "attribute_value": "16GB"}, {"attribute_name": "storage", "attribute_value": "512GB"}]}
{"_id": 66, "name": "HP ZBook Model 66", "price": 16339.0, "quantity": 5, "brand": "HP", "attributes": [{"attribute_name": "cpu", "attribute_value": "Intel Core i7"}, {"attribute_name": "memory", "attribute_value": "16GB"}, {"attribute_name": "storage", "attribute_value": "512GB"}]}
{"_id": 67, "name": "HP ZBook Model 67", "price": 54575.0, "quantity": 6, "brand": "HP", "attributes": [{"attribute_name": "cpu", "attribute_value": "Intel Core i7"}, {"attribute_name": "memory", "attribute_value": "32GB"}, {"attribute_name": "storage", "attribute_value": "1TB"}]}
{"_id": 68, "name": "HP ZBook Model 68", "price": 31490.0, "quantity": 7, "brand": "HP", "attributes": [{"attribute_name": "cpu", "attribute_value": "Intel Core i7"}, {"attribute_name": "memory", "attribute_value": "16GB"}, {"attribute_name": "storage", "attribute_value": "512GB"}]}
{"_id": 69, "name": "HP ZBook Model 69", "price": 46285.0, "quantity": 8, "brand": "HP", "attributes": [{"attribute_name": "cpu", "attribute_value": "Intel Core i7"}, {"attribute_name": "memory", "attribute_value": "8GB"}, {"attribute_name": "storage", "attribute_value": "512GB"}]}
{"_id": 70, "name": "Lenovo Model 70", "price": 6297.0, "quantity": 9, "brand": "Lenovo", "attributes": [{"attribute_name": "cpu", "attribute_value": "Intel Core i5"}, {"attribute_name": "memory", "attribute_value": "8GB"}, {"attribute_name": "storage", "attribute_value": "256GB"}]}
{"_id": 71, "name": "HP ZBook Model 71", "price": 32145.0, "quantity": 10, "brand": "HP", "attributes": [{"attribute_name": "cpu", "attribute_value": "Intel Core i7"}, {"attribute_name": "memory", "attribute_value": "8GB"}, {"attribute_name": "storage", "attribute_value": "256GB"}]}
{"_id": 72, "name": "HP ZBook Model 72", "price": 35039.0, "quantity": 1, "brand": "HP", "attributes": [{"attribute_name": "cpu", "attribute_value": "Intel Core i7"}, {"attribute_name": "memory", "attribute_value": "8GB"}, {"attribute_name": "storage", "attribute_value": "256GB"}]}
{"_id": 73, "name": "HP EliteBook Model 73", "price": 22939.0, "quantity": 2, "brand": "HP", "attributes": [{"attribute_name": "cpu", "attribute_value": "Intel Core i5"}, {"attribute_name": "memory", "attribute_value": "8GB"}, {"attribute_name": "storage", "attribute_value": "256GB"}]}
{"_id": 74, "name": "HP EliteBook Model 74", "price": 30059.0, "quantity": 3, "brand": "HP", "attributes": [{"attribute_name": "cpu", "attribute_value": "Intel Core i7"}, {"attribute_name": "memory", "attribute_value": "16GB"}, {"attribute_name": "storage", "attribute_value": "512GB"}]}
{"_id": 75, "name": "HP EliteBook Model 75", "price": 25715.0, "quantity": 4, "brand": "HP", "attributes": [{"attribute_name": "cpu", "attribute_value": "Intel Core i5"}, {"attribute_name": "memory", "attribute_value": "8GB"}, {"attribute_name": "storage", "attribute_value": "256GB"}]}
{"_id": 76, "name": "HP EliteBook Model 76", "price": 24950.0, "quantity": 5, "brand": "HP", "attributes": [{"attribute_name": "cpu", "attribute_value": "Intel Core i5"}, {"attribute_name": "memory", "attribute_value": "8GB"}, {"attribute_name": "storage", "attribute_value": "256GB"}]}
{"_id": 77, "name": "HP ZBook Model 77", "price": 16616.0, "quantity": 6, "brand": "HP", "attributes": [{"attribute_name": "cpu", "attribute_value": "Intel Core i7"}, {"attribute_name": "memory", "attribute_value": "8GB"}, {"attribute_name": "storage", "attribute_value": "256GB"}]}
{"_id": 78, "name": "HP ZBook Model 78", "price": 16490.0, "quantity": 7, "brand": "HP", "attributes": [{"attribute_name": "cpu", "attribute_value": "Intel Core i7"}, {"attribute_name": "memory", "attribute_value": "16GB"}, {"attribute_name": "storage", "attribute_value": "256GB"}]}
{"_id": 79, "name": "HP ZBook Model 79", "price": 35404.0, "quantity": 8, "brand": "HP", "attributes": [{"attribute_name": "cpu", "attribute_value": "Intel Core i7"}, {"attribute_name": "memory", "attribute_value": "16GB"}, {"attribute_name": "storage", "attribute_value": "512GB"}]}
{"_id": 80, "name": "HP ZBook Model 80", "price": 27689.0, "quantity": 9, "brand": "HP", "attributes": [{"attribute_name": "cpu", "attribute_value": "Intel Core i7"}, {"attribute_name": "memory", "attribute_value": "16GB"}, {"attribute_name": "storage", "attribute_value": "512GB"}]}
{"_id": 81, "name": "HP EliteBook Model 81", "price": 42269.0, "quantity": 10, "brand": "HP", "attributes": [{"attribute_name": "cpu", "attribute_value": "Intel Core i7"}, {"attribute_name": "memory", "attribute_value": "16GB"}, {"attribute_name": "storage", "attribute_value": "512GB"}]}
{"_id": 82, "name": "HP EliteBook Model 82", "price": 25985.0, "quantity": 1, "brand": "HP", "attributes": [{"attribute_name": "cpu", "attribute_value": "Intel Core i5"}, {"attribute_name": "memory", "attribute_value": "8GB"}, {"attribute_name": "storage", "attribute_value": "512GB"}]}
{"_id": 83, "name": "HP EliteBook Model 83", "price": 36975.0, "quantity": 2, "brand": "HP", "attributes": [{"attribute_name": "cpu", "attribute_value": "Intel Core i7"}, {"attribute_name": "memory", "attribute_value": "16GB"}, {"attribute_name": "storage", "attribute_value": "256GB"}]}
{"_id": 84, "name": "HP EliteBook Model 84", "price": 40455.0, "quantity": 3, "brand": "HP", "attributes": [{"attribute_name": "cpu", "attribute_value": "Intel Core i7"}, {"attribute_name": "memory", "attribute_value": "16GB"}, {"attribute_name": "storage", "attribute_value": "512GB"}]}
{"_id": 85, "name": "Lenovo Model 85", "price": 8482.0, "quantity": 4, "brand": "Lenovo", "attributes": [{"attribute_name": "cpu", "attribute_value": "Intel Core i5"}, {"attribute_name": "memory", "attribute_value": "8GB"}, {"attribute_name": "storage", "attribute_value": "256GB"}]}
{"_id": 86, "name": "Lenovo ThinkPad Model 86", "price": 16867.0, "quantity": 5, "brand": "Lenovo", "attributes": [{"attribute_name": "cpu", "attribute_value": "Intel Core i5"}, {"attribute_name": "memory", "attribute_value": "8GB"}, {"attribute_name": "storage", "attribute_value": "256GB"}]}
{"_id": 87, "name": "HP EliteBook Model 87", "price": 30536.0, "quantity": 6, "brand": "HP", "attributes": [{"attribute_name": "cpu", "attribute_value": "Intel Core i5"}, {"attribute_name": "memory", "attribute_value": "8GB"}, {"attribute_name": "storage", "attribute_value": "256GB"}]}
{"_id": 88, "name": "HP ProBook Model 88", "price": 15205.0, "quantity": 7, "brand": "HP", "attributes": [{"attribute_name": "cpu", "attribute_value": "Intel Core i7"}, {"attribute_name": "memory", "attribute_value": "8GB"}, {"attribute_name": "storage", "attribute_value": "256GB"}]}
{"_id": 89, "name": "HP EliteBook Model 89", "price": 31378.0, "quantity": 8, "brand": "HP", "attributes": [{"attribute_name": "cpu", "attribute_value": "Intel Core i5"}, {"attribute_name": "memory", "attribute_value": "16GB"}, {"attribute_name": "storage", "attribute_value": "256GB"}]}
{"_id": 90, "name": "HP EliteBook Model 90", "price": 31319.0, "quantity": 9, "brand": "HP", "attributes": [{"attribute_name": "cpu", "attribute_value": "Intel Core i7"}, {"attribute_name": "memory", "attribute_value": "16GB"}, {"attribute_name": "storage", "attribute_value": "256GB"}]}
{"_id": 91, "name": "HP EliteBook Model 91", "price": 24353.0, "quantity": 10, "brand": "HP", "attributes": [{"attribute_name": "cpu", "attribute_value": "Intel Core i5"}, {"attribute_name": "memory", "attribute_value": "8GB"}, {"attribute_name": "storage", "attribute_value": "256GB"}]}
{"_id": 92, "name": "HP EliteBook Model 92", "price": 45895.0, "quantity": 1, "brand": "HP", "attributes": [{"attribute_name": "cpu", "attribute_value": "Intel Core i7"}, {"attribute_name": "memory", "attribute_value": "16GB"}, {"attribute_name": "storage", "attribute_value": "256GB"}]}
{"_id": 93, "name": "HP EliteBook Model 93", "price": 25179.0, "quantity": 2, "brand": "HP", "attributes": [{"attribute_name": "cpu", "attribute_value": "Intel Core i5"}, {"attribute_name": "memory", "attribute_value": "8GB"}, {"attribute_name": "storage", "attribute_value": "256GB"}]}
{"_id": 94, "name": "HP EliteBook Model 94", "price": 29829.0, "quantity": 3, "brand": "HP", "attributes": [{"attribute_name": "cpu", "attribute_value": "Intel Core i7"}, {"attribute_name": "memory", "attribute_value": "16GB"}, {"attribute_name": "storage", "attribute_value": "512GB"}]}
{"_id": 95, "name": "HP ProBook Model 95", "price": 14344.0, "quantity": 4, "brand": "HP", "attributes": [{"attribute_name": "cpu", "attribute_value": "Intel Core i7"}, {"attribute_name": "memory", "attribute_value": "16GB"}, {"attribute_name": "storage", "attribute_value": "512GB"}]}
{"_id": 96, "name": "Lenovo ThinkPad Model 96", "price": 11672.0, "quantity": 5, "brand": "Lenovo", "attributes": [{"attribute_name": "cpu", "attribute_value": "Intel Core i5"}, {"attribute_name": "memory", "attribute_value": "8GB"}, {"attribute_name": "storage", "attribute_value": "256GB"}]}
{"_id": 97, "name": "Lenovo ThinkPad T480 Model 97", "price": 11470.0, "quantity": 6, "brand": "Lenovo", "attributes": [{"attribute_name": "cpu", "attribute_value": "Intel Core i5"}, {"attribute_name": "memory", "attribute_value": "8GB"}, {"attribute_name": "storage", "attribute_value": "256GB"}]}
{"_id": 98, "name": "Lenovo ThinkPad Model 98", "price": 18565.0, "quantity": 7, "brand": "Lenovo", "attributes": [{"attribute_name": "cpu", "attribute_value": "Intel Core i7"}, {"attribute_name": "memory", "attribute_value": "16GB"}, {"attribute_name": "storage", "attribute_value": "512GB"}]}
{"_id": 99, "name": "Lenovo ThinkPad Model 99", "price": 18745.0, "quantity": 8, "brand": "Lenovo", "attributes": [{"attribute_name": "cpu", "attribute_value": "Intel Core i7"}, {"attribute_name": "memory", "attribute_value": "8GB"}, {"attribute_name": "storage", "attribute_value": "256GB"}]}
{"_id": 100, "name": "Lenovo ThinkPad Model 100", "price": 40809.0, "quantity": 9, "brand": "Lenovo", "attributes": [{"attribute_name": "cpu", "attribute_value": "Intel Core i7"}, {"attribute_name": "memory", "attribute_value": "16GB"}, {"attribute_name": "storage", "attribute_value": "512GB"}]}
{"_id": 101, "name": "Lenovo Model 101", "price": 4490.0, "quantity": 10, "brand": "Lenovo", "attributes": [{"attribute_name": "cpu", "attribute_value": "Intel Core i3"}, {"attribute_name": "memory", "attribute_value": "4GB"}, {"attribute_name": "storage", "attribute_value": "128GB"}]}
{"_id": 102, "name": "HP EliteBook Model 102", "price": 27309.0, "quantity": 1, "brand": "HP", "attributes": [{"attribute_name": "cpu", "attribute_value": "Intel Core i5"}, {"attribute_name": "memory", "attribute_value": "8GB"}, {"attribute_name": "storage", "attribute_value": "256GB"}]}
{"_id": 103, "name": "HP EliteBook Model 103", "price": 34984.0, "quantity": 2, "brand": "HP", "attributes": [{"attribute_name": "cpu", "attribute_value": "Intel Core i5"}, {"attribute_name": "memory", "attribute_value": "16GB"}, {"attribute_name": "storage", "attribute_value": "256GB"}]}
{"_id": 104, "name": "HP EliteBook Model 104", "price": 23579.0, "quantity": 3, "brand": "HP", "attributes": [{"attribute_name": "cpu", "attribute_value": "Intel Core i5"}, {"attribute_name": "memory", "attribute_value": "8GB"}, {"attribute_name": "storage", "attribute_value": "256GB"}]}
{"_id": 105, "name": "HP Omen Model 105", "price": 29308.0, "quantity": 4, "brand": "HP", "attributes": [{"attribute_name": "cpu", "attribute_value": "Intel Core i7"}, {"attribute_name": "memory", "attribute_value": "16GB"}, {"attribute_name": "storage", "attribute_value": "256GB"}]}
{"_id": 106, "name": "HP EliteBook Model 106", "price": 27275.0, "quantity": 5, "brand": "HP", "attributes": [{"attribute_name": "cpu", "attribute_value": "Intel Core i5"}, {"attribute_name": "memory", "attribute_value": "16GB"}, {"attribute_name": "storage", "attribute_value": "256GB"}]}
{"_id": 107, "name": "HP EliteBook Model 107", "price": 35450.0, "quantity": 6, "brand": "HP", "attributes": [{"attribute_name": "cpu", "attribute_value": "Intel Core i7"}, {"attribute_name": "memory", "attribute_value": "16GB"}, {"attribute_name": "storage", "attribute_value": "1TB"}]}
{"_id": 108, "name": "HP EliteBook Model 108", "price": 28935.0, "quantity": 7, "brand": "HP", "attributes": [{"attribute_name": "cpu", "attribute_value": "Intel Core i5"}, {"attribute_name": "memory", "attribute_value": "16GB"}, {"attribute_name": "storage", "attribute_value": "512GB"}]}
{"_id": 109, "name": "HP EliteBook Model 109", "price": 22199.0, "quantity": 8, "brand": "HP", "attributes": [{"attribute_name": "cpu", "attribute_value": "Intel Core i5"}, {"attribute_name": "memory", "attribute_value": "8GB"}, {"attribute_name": "storage", "attribute_value": "256GB"}]}
{"_id": 110, "name": "HP EliteBook Model 110", "price": 28519.0, "quantity": 9, "brand": "HP", "attributes": [{"attribute_name": "cpu", "attribute_value": "Intel Core i7"}, {"attribute_name": "memory", "attribute_value": "16GB"}, {"attribute_name": "storage", "attribute_value": "256GB"}]}
{"_id": 111, "name": "HP EliteBook Model 111", "price": 23419.0, "quantity": 10, "brand": "HP", "attributes": [{"attribute_name": "cpu", "attribute_value": "Intel Core i5"}, {"attribute_name": "memory", "attribute_value": "8GB"}, {"attribute_name": "storage", "attribute_value": "256GB"}]}
{"_id": 112, "name": "HP ZBook Model 112", "price": 40769.0, "quantity": 1, "brand": "HP", "attributes": [{"attribute_name": "cpu", "attribute_value": "Intel Core i7"}, {"attribute_name": "memory", "attribute_value": "16GB"}, {"attribute_name": "storage", "attribute_value": "512GB"}]}
{"_id": 113, "name": "Dell Latitude Model 113", "price": 12209.0, "quantity": 2, "brand": "Dell", "attributes": [{"attribute_name": "cpu", "attribute_value": "Intel Core i5"}, {"attribute_name": "memory", "attribute_value": "8GB"}, {"attribute_name": "storage", "attribute_value": "256GB"}]}
{"_id": 114, "name": "HP EliteBook Model 114", "price": 24155.0, "quantity": 3, "brand": "HP", "attributes": [{"attribute_name": "cpu", "attribute_value": "Intel Core i5"}, {"attribute_name": "memory", "attribute_value": "8GB"}, {"attribute_name": "storage", "attribute_value": "256GB"}]}
{"_id": 115, "name": "HP EliteBook Model 115", "price": 23855.0, "quantity": 4, "brand": "HP", "attributes": [{"attribute_name": "cpu", "attribute_value": "Intel Core i5"}, {"attribute_name": "memory", "attribute_value": "8GB"}, {"attribute_name": "storage", "attribute_value": "256GB"}]}
{"_id": 116, "name": "Lenovo ThinkPad Model 116", "price": 16643.0, "quantity": 5, "brand": "Lenovo", "attributes": [{"attribute_name": "cpu", "attribute_value": "Intel Core i5"}, {"attribute_name": "memory", "attribute_value": "8GB"}, {"attribute_name": "storage", "attribute_value": "256GB"}]}
{"_id": 117, "name": "Lenovo ThinkPad T480 Model 117", "price": 11363.0, "quantity": 6, "brand": "Lenovo", "attributes": [{"attribute_name": "cpu", "attribute_value": "Intel Core i5"}, {"attribute_name": "memory", "attribute_value": "8GB"}, {"attribute_name": "storage", "attribute_value": "256GB"}]}
{"_id": 118, "name": "Lenovo ThinkPad Model 118", "price": 22644.0, "quantity": 7, "brand": "Lenovo", "attributes": [{"attribute_name": "cpu", "attribute_value": "Intel Core i5"}, {"attribute_name": "memory", "attribute_value": "8GB"}, {"attribute_name": "storage", "attribute_value": "512GB"}]}
{"_id": 119, "name": "HP ZBook Model 119", "price": 36515.0, "quantity": 8, "brand": "HP", "attributes": [{"attribute_name": "cpu", "attribute_value": "Intel Core i7"}, {"attribute_name": "memory", "attribute_value": "8GB"}, {"attribute_name": "storage", "attribute_value": "528GB"}]}
{"_id": 120, "name": "HP ZBook Studio Model 120", "price": 44903.0, "quantity": 9, "brand": "HP", "attributes": [{"attribute_name": "cpu", "attribute_value": "Intel Core i7"}, {"attribute_name": "memory", "attribute_value": "32GB"}, {"attribute_name": "storage", "attribute_value": "512GB"}]}
{"_id": 121, "name": "HP ZBook Model 121", "price": 34645.0, "quantity": 10, "brand": "HP", "attributes": [{"attribute_name": "cpu", "attribute_value": "Intel Core i7"}, {"attribute_name": "memory", "attribute_value": "8GB"}, {"attribute_name": "storage", "attribute_value": "256GB"}]}
{"_id": 122, "name": "Asus VivoBook Model 122", "price": 9000.0, "quantity": 1, "brand": "Asus", "attributes": [{"attribute_name": "cpu", "attribute_value": "Intel Core i5"}, {"attribute_name": "memory", "attribute_value": "8GB"}, {"attribute_name": "storage", "attribute_value": "256GB"}]}
{"_id": 123, "name": "Lenovo ThinkPad Model 123", "price": 9490.0, "quantity": 2, "brand": "Lenovo", "attributes": [{"attribute_name": "cpu", "attribute_value": "Intel Core i5"}, {"attribute_name": "memory", "attribute_value": "8GB"}, {"attribute_name": "storage", "attribute_value": "256GB"}]}
{"_id": 124, "name": "HP ProBook Model 124", "price": 16655.0, "quantity": 3, "brand": "HP", "attributes": [{"attribute_name": "cpu", "attribute_value": "Intel Core i7"}, {"attribute_name": "memory", "attribute_value": "8GB"}, {"attribute_name": "storage", "attribute_value": "512GB"}]}
{"_id": 125, "name": "HP EliteBook Model 125", "price": 42420.0, "quantity": 3, "brand": "HP", "attributes": [{"attribute_name": "cpu", "attribute_value": "Intel Core i7"}, {"attribute_name": "memory", "attribute_value": "16GB"}, {"attribute_name": "storage", "attribute_value": "512GB"}]}
{"_id": 126, "name": "HP EliteBook Model 126", "price": 32760.0, "quantity": 4, "brand": "HP", "attributes": [{"attribute_name": "cpu", "attribute_value": "Intel Core i5"}, {"attribute_name": "memory", "attribute_value": "16GB"}, {"attribute_name": "storage", "attribute_value": "256GB"}]}
{"_id": 127, "name": "HP EliteBook Model 127", "price": 29565.0, "quantity": 5, "brand": "HP", "attributes": [{"attribute_name": "cpu", "attribute_value": "Intel Core i5"}, {"attribute_name": "memory", "attribute_value": "8GB"}, {"attribute_name": "storage", "attribute_value": "256GB"}]}
{"_id": 128, "name": "HP ProBook Model 128", "price": 9994.0, "quantity": 6, "brand": "HP", "attributes": [{"attribute_name": "cpu", "attribute_value": "Intel Core i5"}, {"attribute_name": "memory", "attribute_value": "8GB"}, {"attribute_name": "storage", "attribute_value": "256GB"}]}
{"_id": 129, "name": "Lenovo Legion Model 129", "price": 29495.0, "quantity": 7, "brand": "Lenovo", "attributes": [{"attribute_name": "cpu", "attribute_value": "Intel Core i7"}, {"attribute_name": "memory", "attribute_value": "16GB"}, {"attribute_name": "storage", "attribute_value": "1TB"}]}
{"_id": 130, "name": "Lenovo ThinkPad Model 130", "price": 8631.0, "quantity": 8, "brand": "Lenovo", "attributes": [{"attribute_name": "cpu", "attribute_value": "Intel Core i7"}, {"attribute_name": "memory", "attribute_value": "4GB"}, {"attribute_name": "storage", "attribute_value": "128GB"}]}
{"_id": 131, "name": "Apple MacBook Model 131", "price": 16795.0, "quantity": 9, "brand": "Apple", "attributes": [{"attribute_name": "cpu", "attribute_value": "Intel Core i5"}, {"attribute_name": "memory", "attribute_value": "8GB"}, {"attribute_name": "storage", "attribute_value": "256GB"}]}
{"_id": 132, "name": "Apple MacBook Model 132", "price": 18990.0, "quantity": 10, "brand": "Apple", "attributes": [{"attribute_name": "cpu", "attribute_value": "Intel Core i5"}, {"attribute_name": "memory", "attribute_value": "8GB"}, {"attribute_name": "storage", "attribute_value": "512GB"}]}
{"_id": 133, "name": "Lenovo Legion Model 133", "price": 19987.0, "quantity": 1, "brand": "Lenovo", "attributes": [{"attribute_name": "cpu", "attribute_value": "Intel Core i5"}, {"attribute_name": "memory", "attribute_value": "8GB"}, {"attribute_name": "storage", "attribute_value": "128GB"}]}
{"_id": 134, "name": "Apple MacBook Model 134", "price": 16490.0, "quantity": 2, "brand": "Apple", "attributes": [{"attribute_name": "cpu", "attribute_value": "Intel Core i5"}, {"attribute_name": "memory", "attribute_value": "8GB"}, {"attribute_name": "storage", "attribute_value": "256GB"}]}
{"_id": 135, "name": "Lenovo ThinkPad Model 135", "price": 10505.0, "quantity": 3, "brand": "Lenovo", "attributes": [{"attribute_name": "cpu", "attribute_value": "Intel Core i7"}, {"attribute_name": "memory", "attribute_value": "8GB"}, {"attribute_name": "storage", "attribute_value": "256GB"}]}
{"_id": 136, "name": "Lenovo ThinkPad Model 136", "price": 12974.0, "quantity": 4, "brand": "Lenovo", "attributes": [{"attribute_name": "cpu", "attribute_value": "Intel Core i5"}, {"attribute_name": "memory", "attribute_value": "8GB"}, {"attribute_name": "storage", "attribute_value": "256GB"}]}
{"_id": 137, "name": "Lenovo ThinkPad Model 137", "price": 25701.0, "quantity": 5, "brand": "Lenovo", "attributes": [{"attribute_name": "cpu", "attribute_value": "Intel Core i7"}, {"attribute_name": "memory", "attribute_value": "32GB"}, {"attribute_name": "storage", "attribute_value": "512GB"}]}
{"_id": 138, "name": "Lenovo ThinkPad Model 138", "price": 22305.0, "quantity": 6, "brand": "Lenovo", "attributes": [{"attribute_name": "cpu", "attribute_value": "Intel Core i7"}, {"attribute_name": "memory", "attribute_value": "16GB"}, {"attribute_name": "storage", "attribute_value": "512GB"}]}
{"_id": 139, "name": "Lenovo Legion Model 139", "price": 21355.0, "quantity": 7, "brand": "Lenovo", "attributes": [{"attribute_name": "cpu", "attribute_value": "Intel Core i7"}, {"attribute_name": "memory", "attribute_value": "16GB"}, {"attribute_name": "storage", "attribute_value": "512GB"}]}
{"_id": 140, "name": "HP EliteBook Model 140", "price": 18495.0, "quantity": 8, "brand": "HP", "attributes": [{"attribute_name": "cpu", "attribute_value": "Intel Core i5"}, {"attribute_name": "memory", "attribute_value": "8GB"}, {"attribute_name": "storage", "attribute_value": "256GB"}]}
{"_id": 141, "name": "HP EliteBook Model 141", "price": 23135.0, "quantity": 9, "brand": "HP", "attributes": [{"attribute_name": "cpu", "attribute_value": "Intel Core i5"}, {"attribute_name": "memory", "attribute_value": "16GB"}, {"attribute_name": "storage", "attribute_value": "512GB"}]}
{"_id": 142, "name": "HP EliteBook Model 142", "price": 21474.0, "quantity": 10, "brand": "HP", "attributes": [{"attribute_name": "cpu", "attribute_value": "Intel Core i5"}, {"attribute_name": "memory", "attribute_value": "16GB"}, {"attribute_name": "storage", "attribute_value": "256GB"}]}
{"_id": 143, "name": "HP ZBook Model 143", "price": 49038.0, "quantity": 1, "brand": "HP", "attributes": [{"attribute_name": "cpu", "attribute_value": "Intel Core i5"}, {"attribute_name": "memory", "attribute_value": "32GB"}, {"attribute_name": "storage", "attribute_value": "256GB"}]}
{"_id": 144, "name": "HP ZBook Model 144", "price": 14759.0, "quantity": 2, "brand": "HP", "attributes": [{"attribute_name": "cpu", "attribute_value": "Intel Core i5"}, {"attribute_name": "memory", "attribute_value": "16GB"}, {"attribute_name": "storage", "attribute_value": "16GB"}]}
{"_id": 145, "name": "HP ZBook Model 145", "price": 53855.0, "quantity": 3, "brand": "HP", "attributes": [{"attribute_name": "cpu", "attribute_value": "Intel Core i7"}, {"attribute_name": "memory", "attribute_value": "8GB"}, {"attribute_name": "storage", "attribute_value": "16GB"}]}
{"_id": 146, "name": "HP ZBook Model 146", "price": 45250.0, "quantity": 4, "brand": "HP", "attributes": [{"attribute_name": "cpu", "attribute_value": "Intel Core i5"}, {"attribute_name": "memory", "attribute_value": "16GB"}, {"attribute_name": "storage", "attribute_value": "512GB"}]}
{"_id": 147, "name": "HP ZBook Model 147", "price": 70769.0, "quantity": 5, "brand": "HP", "attributes": [{"attribute_name": "cpu", "attribute_value": "Intel Core i7"}, {"attribute_name": "memory", "attribute_value": "8GB"}, {"attribute_name": "storage", "attribute_value": "16GB"}]}
{"_id": 148, "name": "HP ZBook Model 148", "price": 18245.0, "quantity": 6, "brand": "HP", "attributes": [{"attribute_name": "cpu", "attribute_value": "Intel Core i5"}, {"attribute_name": "memory", "attribute_value": "16GB"}, {"attribute_name": "storage", "attribute_value": "256GB"}]}
{"_id": 149, "name": "HP ZBook Model 149", "price": 22380.0, "quantity": 7, "brand": "HP", "attributes": [{"attribute_name": "cpu", "attribute_value": "Intel Core i5"}, {"attribute_name": "memory", "attribute_value": "8GB"}, {"attribute_name": "storage", "attribute_value": "256GB"}]}
{"_id": 150, "name": "HP ZBook Model 150", "price": 33321.0, "quantity": 8, "brand": "HP", "attributes": [{"attribute_name": "cpu", "attribute_value": "Intel Core i5"}, {"attribute_name": "memory", "attribute_value": "16GB"}, {"attribute_name": "storage", "attribute_value": "256GB"}]}
{"_id": 151, "name": "HP ZBook Model 151", "price": 39045.0, "quantity": 9, "brand": "HP", "attributes": [{"attribute_name": "cpu", "attribute_value": "Intel Core i5"}, {"attribute_name": "memory", "attribute_value": "16GB"}, {"attribute_name": "storage", "attribute_value": "512GB"}]}
{"_id": 152, "name": "HP ZBook Studio Model 152", "price": 31293.0, "quantity": 10, "brand": "HP", "attributes": [{"attribute_name": "cpu", "attribute_value": "Intel Core i5"}, {"attribute_name": "memory", "attribute_value": "32GB"}, {"attribute_name": "storage", "attribute_value": "256GB"}]}
{"_id": 153, "name": "HP ZBook Model 153", "price": 17579.0, "quantity": 1, "brand": "HP", "attributes": [{"attribute_name": "cpu", "attribute_value": "Intel Core i5"}, {"attribute_name": "memory", "attribute_value": "16GB"}, {"attribute_name": "storage", "attribute_value": "256GB"}]}
{"_id": 154, "name": "HP ZBook Model 154", "price": 26199.0, "quantity": 2, "brand": "HP", "attributes": [{"attribute_name": "cpu", "attribute_value": "Intel Core i5"}, {"attribute_name": "memory", "attribute_value": "16GB"}, {"attribute_name": "storage", "attribute_value": "256GB"}]}
{"_id": 155, "name": "HP ZBook Model 155", "price": 16915.0, "quantity": 3, "brand": "HP", "attributes": [{"attribute_name": "cpu", "attribute_value": "Intel Core i5"}, {"attribute_name": "memory", "attribute_value": "16GB"}, {"attribute_name": "storage", "attribute_value": "512GB"}]}
{"_id": 156, "name": "HP EliteBook Model 156", "price": 22995.0, "quantity": 4, "brand": "HP", "attributes": [{"attribute_name": "cpu", "attribute_value": "Intel Core i5"}, {"attribute_name": "memory", "attribute_value": "8GB"}, {"attribute_name": "storage", "attribute_value": "8GB"}]}
{"_id": 157, "name": "HP ProBook Model 157", "price": 11799.0, "quantity": 5, "brand": "HP", "attributes": [{"attribute_name": "cpu", "attribute_value": "Intel Core i5"}, {"attribute_name": "memory", "attribute_value": "8GB"}, {"attribute_name": "storage", "attribute_value": "256GB"}]}
{"_id": 158, "name": "Apple MacBook Model 158", "price": 30349.0, "quantity": 6, "brand": "Apple", "attributes": [{"attribute_name": "cpu", "attribute_value": "Intel Core i9"}, {"attribute_name": "memory", "attribute_value": "16GB"}, {"attribute_name": "storage", "attribute_value": "1024GB"}]}
{"_id": 159, "name": "Apple MacBook Model 159", "price": 27489.0, "quantity": 7, "brand": "Apple", "attributes": [{"attribute_name": "cpu", "attribute_value": "Intel Core i7"}, {"attribute_name": "memory", "attribute_value": "16GB"}, {"attribute_name": "storage", "attribute_value": "512GB"}]}
{"_id": 160, "name": "HP Spectre Model 160", "price": 19990.0, "quantity": 8, "brand": "HP", "attributes": [{"attribute_name": "cpu", "attribute_value": "Intel Core i5"}, {"attribute_name": "memory", "attribute_value": "16GB"}, {"attribute_name": "storage", "attribute_value": "512GB"}]}
{"_id": 161, "name": "Lenovo ThinkPad Model 161", "price": 16839.0, "quantity": 9, "brand": "Lenovo", "attributes": [{"attribute_name": "cpu", "attribute_value": "Intel Core i5"}, {"attribute_name": "memory", "attribute_value": "16GB"}, {"attribute_name": "storage", "attribute_value": "256GB"}]}
{"_id": 162, "name": "Lenovo ThinkPad Model 162", "price": 21490.0, "quantity": 10, "brand": "Lenovo", "attributes": [{"attribute_name": "cpu", "attribute_value": "Intel Core i5"}, {"attribute_name": "memory", "attribute_value": "16GB"}, {"attribute_name": "storage", "attribute_value": "256GB"}]}
{"_id": 163, "name": "Lenovo ThinkPad Model 163", "price": 25853.0, "quantity": 1, "brand": "Lenovo", "attributes": [{"attribute_name": "cpu", "attribute_value": "Intel Core i7"}, {"attribute_name": "memory", "attribute_value": "16GB"}, {"attribute_name": "storage", "attribute_value": "1024GB"}]}
{"_id": 164, "name": "Lenovo ThinkPad Model 164", "price": 21657.0, "quantity": 2, "brand": "Lenovo", "attributes": [{"attribute_name": "cpu", "attribute_value": "Intel Core i5"}, {"attribute_name": "memory", "attribute_value": "16GB"}, {"attribute_name": "storage", "attribute_value": "256GB"}]}
{"_id": 165, "name": "Lenovo ThinkPad Model 165", "price": 17990.0, "quantity": 3, "brand": "Lenovo", "attributes": [{"attribute_name": "cpu", "attribute_value": "Intel Core i7"}, {"attribute_name": "memory", "attribute_value": "16GB"}, {"attribute_name": "storage", "attribute_value": "512GB"}]}
{"_id": 166, "name": "Asus ZenBook Model 166", "price": 14990.0, "quantity": 4, "brand": "Asus", "attributes": [{"attribute_name": "cpu", "attribute_value": "Intel Core i7"}, {"attribute_name": "memory", "attribute_value": "16GB"}, {"attribute_name": "storage", "attribute_value": "512GB"}]}
{"_id": 167, "name": "Lenovo ThinkPad Model 167", "price": 26055.0, "quantity": 5, "brand": "Lenovo", "attributes": [{"attribute_name": "cpu", "attribute_value": "Intel Core i7"}, {"attribute_name": "memory", "attribute_value": "16GB"}, {"attribute_name": "storage", "attribute_value": "512GB"}]}
{"_id": 168, "name": "HP EliteBook Model 168", "price": 27296.0, "quantity": 6, "brand": "HP", "attributes": [{"attribute_name": "cpu", "attribute_value": "Intel Core i5"}, {"attribute_name": "memory", "attribute_value": "8GB"}, {"attribute_name": "storage", "attribute_value": "8GB"}]}
{"_id": 169, "name": "HP ZBook Model 169", "price": 35599.0, "quantity": 7, "brand": "HP", "attributes": [{"attribute_name": "cpu", "attribute_value": "Intel Core i5"}, {"attribute_name": "memory", "attribute_value": "4GB"}, {"attribute_name": "storage", "attribute_value": "8GB"}]}
{"_id": 170, "name": "HP ZBook Model 170", "price": 15219.0, "quantity": 8, "brand": "HP", "attributes": [{"attribute_name": "cpu", "attribute_value": "Intel Core i5"}, {"attribute_name": "memory", "attribute_value": "32GB"}, {"attribute_name": "storage", "attribute_value": "256GB"}]}
{"_id": 171, "name": "HP EliteBook Model 171", "price": 27691.0, "quantity": 9, "brand": "HP", "attributes": [{"attribute_name": "cpu", "attribute_value": "Intel Core i5"}, {"attribute_name": "memory", "attribute_value": "16GB"}, {"attribute_name": "storage", "attribute_value": "512GB"}]}
{"_id": 172, "name": "HP EliteBook Model 172", "price": 9994.0, "quantity": 10, "brand": "HP", "attributes": [{"attribute_name": "cpu", "attribute_value": "Intel Core i5"}, {"attribute_name": "memory", "attribute_value": "8GB"}, {"attribute_name": "storage", "attribute_value": "8GB"}]}
{"_id": 173, "name": "HP ZBook Model 173", "price": 30072.0, "quantity": 0, "brand": "HP", "attributes": [{"attribute_name": "cpu", "attribute_value": "Intel Core i5"}, {"attribute_name": "memory", "attribute_value": "4GB"}, {"attribute_name": "storage", "attribute_value": "8GB"}]}
{"_id": 174, "name": "HP ZBook Model 174", "price": 12792.0, "quantity": 1, "brand": "HP", "attributes": [{"attribute_name": "cpu", "attribute_value": "Intel Core i5"}, {"attribute_name": "memory", "attribute_value": "8GB"}, {"attribute_name": "storage", "attribute_value": "256GB"}]}
{"_id": 175, "name": "HP EliteBook Model 175", "price": 19337.0, "quantity": 2, "brand": "HP", "attributes": [{"attribute_name": "cpu", "attribute_value": "Intel Core i5"}, {"attribute_name": "memory", "attribute_value": "16GB"}, {"attribute_name": "storage", "attribute_value": "256GB"}]}
{"_id": 176, "name": "HP ProBook Model 176", "price": 14800.0, "quantity": 3, "brand": "HP", "attributes": [{"attribute_name": "cpu", "attribute_value": "Intel Core i5"}, {"attribute_name": "memory", "attribute_value": "4GB"}, {"attribute_name": "storage", "attribute_value": "8GB"}]}
{"_id": 177, "name": "HP EliteBook Model 177", "price": 22273.0, "quantity": 4, "brand": "HP", "attributes": [{"attribute_name": "cpu", "attribute_value": "Intel Core i5"}, {"attribute_name": "memory", "attribute_value": "8GB"}, {"attribute_name": "storage", "attribute_value": "8GB"}]}
{"_id": 178, "name": "HP EliteBook Model 178", "price": 28690.0, "quantity": 5, "brand": "HP", "attributes": [{"attribute_name": "cpu", "attribute_value": "Intel Core i5"}, {"attribute_name": "memory", "attribute_value": "8GB"}, {"attribute_name": "storage", "attribute_value": "256GB"}]}
{"_id": 179, "name": "HP ProBook Model 179", "price": 11395.0, "quantity": 6, "brand": "HP", "attributes": [{"attribute_name": "cpu", "attribute_value": "Intel Core i5"}, {"attribute_name": "memory", "attribute_value": "8GB"}, {"attribute_name": "storage", "attribute_value": "256GB"}]}
{"_id": 180, "name": "HP EliteBook Model 180", "price": 13785.0, "quantity": 7, "brand": "HP", "attributes": [{"attribute_name": "cpu", "attribute_value": "Intel Core i7"}, {"attribute_name": "memory", "attribute_value": "8GB"}, {"attribute_name": "storage", "attribute_value": "8GB"}]}
{"_id": 181, "name": "HP EliteBook Model 181", "price": 16768.0, "quantity": 8, "brand": "HP", "attributes": [{"attribute_name": "cpu", "attribute_value": "Intel Core i7"}, {"attribute_name": "memory", "attribute_value": "16GB"}, {"attribute_name": "storage", "attribute_value": "256GB"}]}
{"_id": 182, "name": "HP ProBook Model 182", "price": 13949.0, "quantity": 9, "brand": "HP", "attributes": [{"attribute_name": "cpu", "attribute_value": "Intel Core i5"}, {"attribute_name": "memory", "attribute_value": "16GB"}, {"attribute_name": "storage", "attribute_value": "512GB"}]}
{"_id": 183, "name": "HP EliteBook Model 183", "price": 24600.0, "quantity": 0, "brand": "HP", "attributes": [{"attribute_name": "cpu", "attribute_value": "Intel Core i7"}, {"attribute_name": "memory", "attribute_value": "16GB"}, {"attribute_name": "storage", "attribute_value": "256GB"}]}
{"_id": 184, "name": "Apple MacBook Model 184", "price": 32989.0, "quantity": 2, "brand": "Apple", "attributes": [{"attribute_name": "cpu", "attribute_value": "Intel Core i9"}, {"attribute_name": "memory", "attribute_value": "16GB"}, {"attribute_name": "storage", "attribute_value": "1024GB"}]}
{"_id": 185, "name": "HP ZBook Model 185", "price": 27919.0, "quantity": 3, "brand": "HP", "attributes": [{"attribute_name": "cpu", "attribute_value": "Intel Core i5"}, {"attribute_name": "memory", "attribute_value": "4GB"}, {"attribute_name": "storage", "attribute_value": "8GB"}]}
{"_id": 186, "name": "HP EliteBook Model 186", "price": 26399.0, "quantity": 4, "brand": "HP", "attributes": [{"attribute_name": "cpu", "attribute_value": "Intel Core i5"}, {"attribute_name": "memory", "attribute_value": "16GB"}, {"attribute_name": "storage", "attribute_value": "256GB"}]}
{"_id": 187, "name": "HP ProBook Model 187", "price": 14228.0, "quantity": 5, "brand": "HP", "attributes": [{"attribute_name": "cpu", "attribute_value": "Intel Core i5"}, {"attribute_name": "memory", "attribute_value": "8GB"}, {"attribute_name": "storage", "attribute_value": "512GB"}]}
{"_id": 188, "name": "HP ZBook Model 188", "price": 51959.0, "quantity": 6, "brand": "HP", "attributes": [{"attribute_name": "cpu", "attribute_value": "Intel Core i5"}, {"attribute_name": "memory", "attribute_value": "8GB"}, {"attribute_name": "storage", "attribute_value": "256GB"}]}
{"_id": 189, "name": "HP ZBook Model 189", "price": 41599.0, "quantity": 7, "brand": "HP", "attributes": [{"attribute_name": "cpu", "attribute_value": "Intel Core i5"}, {"attribute_name": "memory", "attribute_value": "8GB"}, {"attribute_name": "storage", "attribute_value": "256GB"}]}
{"_id": 190, "name": "HP ZBook Model 190", "price": 37849.0, "quantity": 8, "brand": "HP", "attributes": [{"attribute_name": "cpu", "attribute_value": "Intel Core i5"}, {"attribute_name": "memory", "attribute_value": "8GB"}, {"attribute_name": "storage", "attribute_value": "256GB"}]}
{"_id": 191, "name": "HP EliteBook Model 191", "price": 20990.0, "quantity": 9, "brand": "HP", "attributes": [{"attribute_name": "cpu", "attribute_value": "Intel Core i7"}, {"attribute_name": "memory", "attribute_value": "8GB"}, {"attribute_name": "storage", "attribute_value": "256GB"}]}
{"_id": 192, "name": "HP ProBook Model 192", "price": 13999.0, "quantity": 0, "brand": "HP", "attributes": [{"attribute_name": "cpu", "attribute_value": "Intel Core i5"}, {"attribute_name": "memory", "attribute_value": "16GB"}, {"attribute_name": "storage", "attribute_value": "512GB"}]}
{"_id": 193, "name": "HP EliteBook Model 193", "price": 13351.0, "quantity": 1, "brand": "HP", "attributes": [{"attribute_name": "cpu", "attribute_value": "Intel Core i5"}, {"attribute_name": "memory", "attribute_value": "8GB"}, {"attribute_name": "storage", "attribute_value": "8GB"}]}
{"_id": 194, "name": "HP ProBook Model 194", "price": 15975.0, "quantity": 2, "brand": "HP", "attributes": [{"attribute_name": "cpu", "attribute_value": "Intel Core i7"}, {"attribute_name": "memory", "attribute_value": "16GB"}, {"attribute_name": "storage", "attribute_value": "512GB"}]}
{"_id": 195, "name": "HP ProBook Model 195", "price": 13109.0, "quantity": 3, "brand": "HP", "attributes": [{"attribute_name": "cpu", "attribute_value": "Intel Core i5"}, {"attribute_name": "memory", "attribute_value": "8GB"}, {"attribute_name": "storage", "attribute_value": "256GB"}]}
{"_id": 196, "name": "HP ZBook Model 196", "price": 29919.0, "quantity": 4, "brand": "HP", "attributes": [{"attribute_name": "cpu", "attribute_value": "Intel Core i5"}, {"attribute_name": "memory", "attribute_value": "4GB"}, {"attribute_name": "storage", "attribute_value": "8GB"}]}
{"_id": 197, "name": "HP ZBook Model 197", "price": 46600.0, "quantity": 5, "brand": "HP", "attributes": [{"attribute_name": "cpu", "attribute_value": "Intel Core i5"}, {"attribute_name": "memory", "attribute_value": "8GB"}, {"attribute_name": "storage", "attribute_value": "256GB"}]}
{"_id": 198, "name": "HP ZBook Model 198", "price": 33307.0, "quantity": 6, "brand": "HP", "attributes": [{"attribute_name": "cpu", "attribute_value": "Intel Core i5"}, {"attribute_name": "memory", "attribute_value": "16GB"}, {"attribute_name": "storage", "attribute_value": "8GB"}]}
{"_id": 199, "name": "HP ZBook Model 199", "price": 34559.0, "quantity": 7, "brand": "HP", "attributes": [{"attribute_name": "cpu", "attribute_value": "Intel Core i5"}, {"attribute_name": "memory", "attribute_value": "4GB"}, {"attribute_name": "storage", "attribute_value": "8GB"}]}
{"_id": 200, "name": "HP ZBook Model 200", "price": 31949.0, "quantity": 8, "brand": "HP", "attributes": [{"attribute_name": "cpu", "attribute_value": "Intel Core i5"}, {"attribute_name": "memory", "attribute_value": "4GB"}, {"attribute_name": "storage", "attribute_value": "8GB"}]}
